order_item_id,order_id,product_id,quantity,unit_price,discount_percent,line_total
1,1,163,4,230.08,15,782.27
2,2,127,2,258.03,10,464.45
3,2,30,2,431.09,5,819.07
4,2,25,4,498.68,0,1994.72
5,3,168,4,378.35,0,1513.4
6,3,26,1,50.0,15,42.5
7,3,126,3,235.17,0,705.51
8,3,158,4,363.47,5,1381.19
9,4,166,2,30.78,0,61.56
10,4,92,4,6.76,0,27.04
11,4,16,2,306.52,15,521.08
12,4,102,1,17.27,0,17.27
13,4,71,3,460.1,0,1380.3
14,5,56,1,180.38,0,180.38
15,5,60,2,213.83,0,427.66
16,5,85,3,8.87,0,26.61
17,5,199,1,267.81,15,227.64
18,5,38,1,301.48,0,301.48
19,6,33,4,6.61,10,23.8
20,7,28,1,300.22,15,255.19
21,7,116,3,355.85,5,1014.17
22,7,129,1,170.92,0,170.92
23,7,57,4,338.32,5,1285.62
24,7,158,4,363.47,15,1235.8
25,8,17,3,85.88,10,231.88
26,8,33,3,6.61,5,18.84
27,9,26,2,50.0,5,95.0
28,9,180,4,176.87,0,707.48
29,9,30,4,431.09,0,1724.36
30,9,168,4,378.35,5,1437.73
31,10,40,1,33.67,0,33.67
32,10,176,1,201.34,0,201.34
33,10,122,4,99.96,0,399.84
34,11,144,3,384.08,15,979.4
35,11,85,4,8.87,15,30.16
36,11,172,1,384.61,0,384.61
37,11,32,3,60.22,0,180.66
38,11,106,1,103.79,10,93.41
39,12,95,2,275.07,5,522.63
40,12,30,1,431.09,10,387.98
41,12,196,3,226.85,0,680.55
42,12,72,2,480.59,0,961.18
43,12,147,3,44.89,0,134.67
44,13,37,1,476.98,0,476.98
45,14,95,3,275.07,10,742.69
46,14,80,1,231.85,0,231.85
47,15,156,2,246.67,10,444.01
48,15,114,1,221.01,0,221.01
49,15,107,4,156.07,0,624.28
50,15,70,3,33.3,15,84.91
51,16,57,4,338.32,10,1217.95
52,17,75,1,291.56,5,276.98
53,17,84,4,353.25,0,1413.0
54,17,31,2,342.45,5,650.65
55,18,102,1,17.27,5,16.41
56,19,104,1,83.8,5,79.61
57,19,182,1,425.54,0,425.54
58,19,164,2,377.24,10,679.03
59,19,107,4,156.07,15,530.64
60,19,75,3,291.56,0,874.68
61,20,21,2,110.25,0,220.5
62,20,102,2,17.27,0,34.54
63,20,80,1,231.85,10,208.66
64,20,191,2,246.34,0,492.68
65,20,87,3,62.14,15,158.46
66,21,45,2,378.86,15,644.06
67,21,155,1,375.02,0,375.02
68,22,83,1,187.92,5,178.52
69,22,161,4,323.16,15,1098.74
70,22,81,3,271.13,0,813.39
71,22,39,1,464.9,0,464.9
72,22,113,1,58.66,0,58.66
73,23,166,1,30.78,10,27.7
74,24,116,2,355.85,0,711.7
75,25,183,2,219.59,0,439.18
76,25,22,2,75.72,15,128.72
77,25,130,4,116.2,5,441.56
78,26,199,1,267.81,15,227.64
79,26,87,3,62.14,0,186.42
80,26,174,3,482.54,0,1447.62
81,26,154,4,377.97,0,1511.88
82,27,80,4,231.85,0,927.4
83,27,168,1,378.35,0,378.35
84,27,179,4,403.74,15,1372.72
85,28,5,2,173.42,0,346.84
86,28,93,3,84.98,5,242.19
87,28,80,2,231.85,0,463.7
88,29,190,2,19.21,10,34.58
89,29,135,4,446.87,0,1787.48
90,29,10,2,443.3,0,886.6
91,29,170,2,67.48,15,114.72
92,29,87,4,62.14,0,248.56
93,30,60,4,213.83,0,855.32
94,30,137,3,234.95,15,599.12
95,30,62,4,53.46,5,203.15
96,30,80,3,231.85,5,660.77
97,31,65,4,451.71,0,1806.84
98,31,14,1,85.51,15,72.68
99,32,132,2,230.43,5,437.82
100,32,38,3,301.48,0,904.44
101,32,112,4,93.39,0,373.56
102,32,24,4,449.42,10,1617.91
103,33,26,3,50.0,0,150.0
104,33,183,2,219.59,0,439.18
105,33,167,3,326.82,5,931.44
106,34,5,3,173.42,0,520.26
107,35,32,4,60.22,15,204.75
108,35,13,4,193.16,0,772.64
109,35,62,1,53.46,5,50.79
110,36,75,1,291.56,10,262.4
111,36,110,3,322.53,0,967.59
112,37,135,1,446.87,5,424.53
113,38,89,2,105.78,15,179.83
114,39,87,4,62.14,15,211.28
115,39,165,4,418.28,15,1422.15
116,39,45,2,378.86,0,757.72
117,39,200,1,179.15,15,152.28
118,39,176,4,201.34,0,805.36
119,40,102,2,17.27,0,34.54
120,40,140,3,308.26,0,924.78
121,40,122,3,99.96,0,299.88
122,40,65,1,451.71,0,451.71
123,40,10,4,443.3,5,1684.54
124,41,133,4,101.25,0,405.0
125,41,69,4,291.69,10,1050.08
126,41,22,2,75.72,10,136.3
127,42,155,4,375.02,0,1500.08
128,42,184,4,355.12,0,1420.48
129,42,110,3,322.53,10,870.83
130,42,43,4,473.69,0,1894.76
131,43,132,2,230.43,0,460.86
132,43,192,2,143.43,10,258.17
133,43,174,4,482.54,0,1930.16
134,44,146,4,121.07,0,484.28
135,44,9,3,44.01,5,125.43
136,44,155,1,375.02,10,337.52
137,44,40,2,33.67,10,60.61
138,45,128,4,145.47,10,523.69
139,45,133,1,101.25,0,101.25
140,46,52,4,40.07,0,160.28
141,46,32,4,60.22,0,240.88
142,46,35,3,421.63,15,1075.16
143,46,19,3,411.79,15,1050.06
144,47,131,2,27.88,0,55.76
145,47,58,2,204.3,5,388.17
146,47,32,1,60.22,0,60.22
147,48,23,4,271.79,10,978.44
148,48,17,4,85.88,5,326.34
149,48,80,1,231.85,0,231.85
150,48,102,3,17.27,15,44.04
151,48,184,1,355.12,5,337.36
152,49,197,4,114.69,10,412.88
153,49,34,1,382.17,0,382.17
154,50,133,3,101.25,0,303.75
155,50,73,3,299.54,0,898.62
156,50,21,3,110.25,10,297.68
157,51,44,3,436.85,10,1179.5
158,51,169,1,420.42,0,420.42
159,52,164,3,377.24,15,961.96
160,52,8,3,366.22,5,1043.73
161,52,128,2,145.47,15,247.3
162,52,161,4,323.16,0,1292.64
163,52,140,4,308.26,0,1233.04
164,53,88,2,139.81,0,279.62
165,53,156,3,246.67,15,629.01
166,54,28,3,300.22,5,855.63
167,54,82,2,466.96,0,933.92
168,54,62,1,53.46,0,53.46
169,54,120,3,256.03,5,729.69
170,54,32,4,60.22,0,240.88
171,55,120,4,256.03,10,921.71
172,55,128,4,145.47,0,581.88
173,55,79,2,231.33,10,416.39
174,55,6,3,55.59,0,166.77
175,55,24,1,449.42,0,449.42
176,56,111,2,168.92,0,337.84
177,57,144,1,384.08,5,364.88
178,57,50,4,8.56,10,30.82
179,57,93,3,84.98,10,229.45
180,57,142,1,373.11,0,373.11
181,57,74,1,64.34,5,61.12
182,58,131,1,27.88,0,27.88
183,58,103,3,402.11,5,1146.01
184,58,129,4,170.92,0,683.68
185,58,11,2,353.76,0,707.52
186,58,12,3,387.67,0,1163.01
187,59,126,1,235.17,0,235.17
188,59,182,3,425.54,15,1085.13
189,59,145,1,140.93,5,133.88
190,59,77,3,161.6,15,412.08
191,59,122,1,99.96,10,89.96
192,60,135,4,446.87,0,1787.48
193,60,162,2,29.89,0,59.78
194,61,39,4,464.9,10,1673.64
195,61,106,4,103.79,15,352.89
196,61,177,1,298.09,15,253.38
197,61,53,2,111.05,10,199.89
198,62,45,3,378.86,10,1022.92
199,62,118,3,185.29,15,472.49
200,62,137,3,234.95,10,634.36
201,63,77,3,161.6,15,412.08
202,63,198,2,333.66,15,567.22
203,64,32,4,60.22,5,228.84
204,64,147,3,44.89,0,134.67
205,64,174,3,482.54,0,1447.62
206,65,52,3,40.07,10,108.19
207,65,138,3,230.95,0,692.85
208,66,14,4,85.51,0,342.04
209,66,26,4,50.0,0,200.0
210,67,168,2,378.35,0,756.7
211,67,122,3,99.96,0,299.88
212,67,123,1,309.68,0,309.68
213,67,167,2,326.82,10,588.28
214,68,127,1,258.03,0,258.03
215,68,48,3,127.71,10,344.82
216,68,192,1,143.43,0,143.43
217,68,75,3,291.56,5,830.95
218,69,50,2,8.56,15,14.55
219,69,29,4,498.08,15,1693.47
220,69,85,3,8.87,15,22.62
221,70,157,4,19.37,5,73.61
222,70,164,3,377.24,0,1131.72
223,71,2,4,103.42,0,413.68
224,71,67,4,214.39,0,857.56
225,72,16,1,306.52,5,291.19
226,72,171,3,474.14,0,1422.42
227,73,95,2,275.07,0,550.14
228,73,158,4,363.47,0,1453.88
229,73,57,4,338.32,15,1150.29
230,74,194,2,124.47,15,211.6
231,74,138,1,230.95,10,207.85
232,74,171,4,474.14,10,1706.9
233,74,56,3,180.38,0,541.14
234,75,147,2,44.89,0,89.78
235,75,138,3,230.95,10,623.56
236,76,117,2,344.99,10,620.98
237,77,102,3,17.27,0,51.81
238,78,139,1,494.01,0,494.01
239,79,98,4,108.99,0,435.96
240,79,115,2,450.25,15,765.42
241,79,97,3,157.59,0,472.77
242,80,77,4,161.6,15,549.44
243,81,89,1,105.78,0,105.78
244,81,40,4,33.67,10,121.21
245,81,71,1,460.1,0,460.1
246,81,49,2,296.21,0,592.42
247,82,190,4,19.21,5,73.0
248,82,12,2,387.67,10,697.81
249,83,188,3,143.07,10,386.29
250,83,148,3,348.51,0,1045.53
251,84,16,2,306.52,15,521.08
252,84,143,4,377.13,10,1357.67
253,84,152,4,429.08,0,1716.32
254,85,77,2,161.6,10,290.88
255,85,97,4,157.59,0,630.36
256,86,143,2,377.13,0,754.26
257,86,136,2,113.33,0,226.66
258,86,35,1,421.63,5,400.55
259,86,100,3,375.99,0,1127.97
260,87,11,2,353.76,5,672.14
261,87,19,2,411.79,0,823.58
262,87,49,3,296.21,0,888.63
263,87,195,2,380.29,0,760.58
264,87,151,1,452.9,15,384.96
265,88,199,4,267.81,10,964.12
266,88,73,3,299.54,0,898.62
267,88,98,3,108.99,0,326.97
268,89,95,4,275.07,0,1100.28
269,89,81,2,271.13,15,460.92
270,90,59,2,99.84,5,189.7
271,90,98,3,108.99,0,326.97
272,90,146,4,121.07,15,411.64
273,91,185,4,482.91,0,1931.64
274,91,140,1,308.26,10,277.43
275,92,162,1,29.89,15,25.41
276,92,60,2,213.83,0,427.66
277,93,169,4,420.42,0,1681.68
278,93,125,1,217.79,10,196.01
279,93,5,3,173.42,10,468.23
280,93,2,3,103.42,0,310.26
281,94,62,3,53.46,0,160.38
282,94,50,3,8.56,5,24.4
283,95,77,1,161.6,15,137.36
284,95,176,1,201.34,0,201.34
285,96,128,4,145.47,15,494.6
286,97,122,3,99.96,10,269.89
287,97,70,1,33.3,0,33.3
288,97,12,3,387.67,0,1163.01
289,97,20,2,137.53,10,247.55
290,97,176,2,201.34,15,342.28
291,98,100,2,375.99,15,639.18
292,98,174,1,482.54,10,434.29
293,98,139,3,494.01,0,1482.03
294,98,85,1,8.87,5,8.43
295,98,99,2,180.07,0,360.14
296,99,59,4,99.84,0,399.36
297,99,92,4,6.76,0,27.04
298,99,142,3,373.11,0,1119.33
299,99,97,1,157.59,0,157.59
300,100,93,1,84.98,0,84.98
301,100,28,4,300.22,0,1200.88
302,100,24,3,449.42,0,1348.26
303,101,132,3,230.43,10,622.16
304,101,105,1,436.72,10,393.05
305,101,27,3,315.59,5,899.43
306,101,7,1,424.51,0,424.51
307,101,23,4,271.79,5,1032.8
308,102,176,2,201.34,0,402.68
309,102,98,3,108.99,0,326.97
310,103,77,3,161.6,0,484.8
311,103,124,4,417.69,10,1503.68
312,103,20,2,137.53,5,261.31
313,103,93,1,84.98,0,84.98
314,104,113,2,58.66,0,117.32
315,104,86,3,466.22,10,1258.79
316,104,111,2,168.92,5,320.95
317,105,84,3,353.25,5,1006.76
318,105,97,3,157.59,0,472.77
319,106,187,4,137.86,15,468.72
320,107,36,3,80.66,15,205.68
321,107,163,2,230.08,15,391.14
322,107,78,4,123.15,5,467.97
323,107,62,1,53.46,5,50.79
324,108,10,1,443.3,0,443.3
325,108,93,2,84.98,15,144.47
326,108,180,3,176.87,0,530.61
327,108,138,1,230.95,10,207.85
328,108,153,4,241.1,0,964.4
329,109,143,4,377.13,0,1508.52
330,109,149,4,210.36,5,799.37
331,109,177,2,298.09,0,596.18
332,109,148,1,348.51,5,331.08
333,109,57,1,338.32,0,338.32
334,110,88,4,139.81,0,559.24
335,110,117,4,344.99,0,1379.96
336,110,53,4,111.05,15,377.57
337,111,88,1,139.81,15,118.84
338,112,144,2,384.08,5,729.75
339,112,110,2,322.53,0,645.06
340,112,119,4,313.46,5,1191.15
341,113,2,3,103.42,15,263.72
342,113,181,1,39.13,10,35.22
343,113,55,1,99.25,10,89.33
344,113,53,2,111.05,0,222.1
345,114,153,4,241.1,10,867.96
346,114,100,1,375.99,0,375.99
347,114,157,3,19.37,5,55.2
348,115,31,1,342.45,0,342.45
349,115,62,3,53.46,15,136.32
350,115,79,2,231.33,10,416.39
351,116,48,2,127.71,10,229.88
352,116,125,2,217.79,5,413.8
353,116,163,3,230.08,0,690.24
354,116,138,2,230.95,0,461.9
355,117,99,4,180.07,5,684.27
356,117,144,4,384.08,5,1459.5
357,118,195,2,380.29,0,760.58
358,119,141,1,416.13,0,416.13
359,119,131,3,27.88,10,75.28
360,119,29,1,498.08,15,423.37
361,119,147,4,44.89,10,161.6
362,120,90,1,246.82,0,246.82
363,120,23,2,271.79,15,462.04
364,120,113,3,58.66,15,149.58
365,121,53,3,111.05,10,299.83
366,121,16,3,306.52,10,827.6
367,122,174,1,482.54,0,482.54
368,122,25,2,498.68,15,847.76
369,122,35,2,421.63,0,843.26
370,122,193,2,280.12,15,476.2
371,122,106,3,103.79,0,311.37
372,123,97,1,157.59,5,149.71
373,123,116,3,355.85,15,907.42
374,123,20,3,137.53,5,391.96
375,123,163,4,230.08,0,920.32
376,124,137,4,234.95,0,939.8
377,125,87,2,62.14,10,111.85
378,125,141,4,416.13,0,1664.52
379,125,148,1,348.51,0,348.51
380,126,1,2,120.17,15,204.29
381,126,110,3,322.53,0,967.59
382,126,52,3,40.07,0,120.21
383,126,177,3,298.09,0,894.27
384,127,168,1,378.35,0,378.35
385,127,24,4,449.42,0,1797.68
386,127,181,2,39.13,10,70.43
387,127,25,2,498.68,10,897.62
388,128,109,2,142.91,5,271.53
389,129,95,4,275.07,0,1100.28
390,129,77,2,161.6,0,323.2
391,129,36,1,80.66,10,72.59
392,130,106,4,103.79,0,415.16
393,130,158,1,363.47,0,363.47
394,131,64,1,206.17,0,206.17
395,131,71,3,460.1,15,1173.26
396,132,49,1,296.21,0,296.21
397,132,192,4,143.43,5,545.03
398,132,101,1,488.22,0,488.22
399,132,76,4,212.52,15,722.57
400,132,166,1,30.78,10,27.7
401,133,140,4,308.26,0,1233.04
402,133,175,1,464.8,10,418.32
403,133,45,1,378.86,0,378.86
404,134,161,4,323.16,5,1228.01
405,134,183,4,219.59,0,878.36
406,134,129,2,170.92,0,341.84
407,135,101,1,488.22,0,488.22
408,135,151,4,452.9,15,1539.86
409,135,163,2,230.08,0,460.16
410,136,80,2,231.85,0,463.7
411,137,133,2,101.25,15,172.12
412,137,185,3,482.91,15,1231.42
413,137,67,1,214.39,0,214.39
414,137,43,3,473.69,5,1350.02
415,137,96,3,278.5,10,751.95
416,138,128,2,145.47,0,290.94
417,139,4,2,405.67,0,811.34
418,140,58,3,204.3,0,612.9
419,140,83,1,187.92,10,169.13
420,140,64,3,206.17,0,618.51
421,140,107,1,156.07,0,156.07
422,141,199,1,267.81,10,241.03
423,141,80,4,231.85,0,927.4
424,141,84,3,353.25,0,1059.75
425,142,198,2,333.66,0,667.32
426,142,199,1,267.81,5,254.42
427,142,51,1,118.33,0,118.33
428,142,188,3,143.07,15,364.83
429,143,53,2,111.05,5,210.99
430,144,12,2,387.67,10,697.81
431,145,25,1,498.68,10,448.81
432,145,130,1,116.2,5,110.39
433,145,35,2,421.63,0,843.26
434,145,164,3,377.24,0,1131.72
435,145,101,3,488.22,5,1391.43
436,146,52,2,40.07,10,72.13
437,147,31,2,342.45,5,650.65
438,147,138,3,230.95,5,658.21
439,147,92,3,6.76,0,20.28
440,147,198,1,333.66,0,333.66
441,148,183,2,219.59,0,439.18
442,149,116,2,355.85,0,711.7
443,149,143,4,377.13,0,1508.52
444,149,192,2,143.43,0,286.86
445,149,141,1,416.13,0,416.13
446,150,67,4,214.39,0,857.56
447,150,20,1,137.53,0,137.53
448,150,6,1,55.59,0,55.59
449,150,17,4,85.88,0,343.52
450,150,51,2,118.33,10,212.99
451,151,91,2,318.97,0,637.94
452,151,55,3,99.25,5,282.86
453,152,16,2,306.52,5,582.39
454,152,23,2,271.79,15,462.04
455,152,72,2,480.59,15,817.0
456,152,99,1,180.07,5,171.07
457,153,100,1,375.99,0,375.99
458,153,70,2,33.3,0,66.6
459,153,47,3,221.86,0,665.58
460,154,69,1,291.69,0,291.69
461,154,137,4,234.95,0,939.8
462,155,181,3,39.13,10,105.65
463,156,126,1,235.17,0,235.17
464,156,10,2,443.3,10,797.94
465,157,34,2,382.17,0,764.34
466,157,88,1,139.81,0,139.81
467,158,96,4,278.5,10,1002.6
468,159,167,3,326.82,0,980.46
469,159,82,2,466.96,5,887.22
470,159,45,3,378.86,15,966.09
471,159,182,3,425.54,0,1276.62
472,160,155,2,375.02,15,637.53
473,160,82,1,466.96,5,443.61
474,161,182,3,425.54,5,1212.79
475,162,66,1,492.73,0,492.73
476,162,28,4,300.22,5,1140.84
477,162,185,4,482.91,0,1931.64
478,163,26,2,50.0,0,100.0
479,163,123,4,309.68,0,1238.72
480,163,148,1,348.51,0,348.51
481,163,167,1,326.82,0,326.82
482,164,188,1,143.07,0,143.07
483,164,20,4,137.53,15,467.6
484,165,53,3,111.05,15,283.18
485,165,49,3,296.21,0,888.63
486,165,105,2,436.72,0,873.44
487,166,110,1,322.53,0,322.53
488,167,164,1,377.24,5,358.38
489,167,75,1,291.56,0,291.56
490,168,95,3,275.07,0,825.21
491,168,98,4,108.99,0,435.96
492,169,39,1,464.9,0,464.9
493,170,16,4,306.52,10,1103.47
494,170,100,2,375.99,5,714.38
495,170,134,3,202.83,0,608.49
496,170,108,4,16.71,15,56.81
497,170,138,1,230.95,10,207.85
498,171,55,2,99.25,0,198.5
499,171,50,4,8.56,0,34.24
500,172,187,4,137.86,10,496.3
501,172,18,4,113.71,10,409.36
502,172,23,3,271.79,0,815.37
503,173,39,1,464.9,0,464.9
504,173,38,1,301.48,0,301.48
505,173,146,3,121.07,5,345.05
506,173,151,3,452.9,5,1290.76
507,174,159,4,490.46,0,1961.84
508,174,156,4,246.67,0,986.68
509,175,78,4,123.15,15,418.71
510,175,80,1,231.85,0,231.85
511,175,72,2,480.59,0,961.18
512,176,166,4,30.78,15,104.65
513,176,23,4,271.79,10,978.44
514,176,49,3,296.21,0,888.63
515,176,114,2,221.01,0,442.02
516,176,55,3,99.25,15,253.09
517,177,45,2,378.86,0,757.72
518,178,95,4,275.07,15,935.24
519,178,119,1,313.46,15,266.44
520,178,130,1,116.2,0,116.2
521,179,90,1,246.82,0,246.82
522,179,89,1,105.78,5,100.49
523,179,42,1,384.09,0,384.09
524,179,67,2,214.39,0,428.78
525,179,192,2,143.43,15,243.83
526,180,166,1,30.78,0,30.78
527,180,45,3,378.86,10,1022.92
528,181,56,4,180.38,10,649.37
529,181,120,1,256.03,0,256.03
530,181,78,3,123.15,10,332.51
531,182,17,3,85.88,0,257.64
532,182,87,3,62.14,15,158.46
533,182,71,3,460.1,0,1380.3
534,182,164,2,377.24,10,679.03
535,183,175,1,464.8,15,395.08
536,183,36,4,80.66,0,322.64
537,183,185,3,482.91,5,1376.29
538,184,172,2,384.61,15,653.84
539,184,92,2,6.76,0,13.52
540,184,130,1,116.2,5,110.39
541,184,77,2,161.6,15,274.72
542,185,57,3,338.32,0,1014.96
543,186,150,1,210.81,5,200.27
544,186,76,1,212.52,15,180.64
545,186,119,1,313.46,5,297.79
546,187,14,3,85.51,5,243.7
547,187,39,4,464.9,0,1859.6
548,187,36,3,80.66,15,205.68
549,187,52,2,40.07,0,80.14
550,188,116,3,355.85,0,1067.55
551,189,112,4,93.39,0,373.56
552,189,163,1,230.08,10,207.07
553,189,110,2,322.53,15,548.3
554,189,104,3,83.8,0,251.4
555,189,123,3,309.68,10,836.14
556,190,27,3,315.59,0,946.77
557,190,99,1,180.07,0,180.07
558,191,135,3,446.87,5,1273.58
559,191,87,3,62.14,0,186.42
560,191,112,2,93.39,5,177.44
561,191,176,1,201.34,0,201.34
562,191,35,2,421.63,15,716.77
563,192,32,1,60.22,5,57.21
564,192,94,3,282.65,10,763.15
565,193,177,1,298.09,5,283.19
566,194,180,1,176.87,0,176.87
567,194,40,4,33.67,15,114.48
568,194,53,1,111.05,15,94.39
569,194,178,3,55.44,10,149.69
570,195,31,2,342.45,10,616.41
571,195,73,2,299.54,0,599.08
572,195,30,2,431.09,0,862.18
573,195,28,4,300.22,0,1200.88
574,195,128,2,145.47,0,290.94
575,196,172,1,384.61,0,384.61
576,197,66,2,492.73,5,936.19
577,198,93,4,84.98,15,288.93
578,198,174,1,482.54,0,482.54
579,198,81,1,271.13,0,271.13
580,199,188,3,143.07,0,429.21
581,199,24,1,449.42,5,426.95
582,199,96,4,278.5,5,1058.3
583,200,34,1,382.17,0,382.17
584,201,157,2,19.37,5,36.8
585,201,8,4,366.22,0,1464.88
586,201,176,4,201.34,5,765.09
587,202,58,1,204.3,5,194.09
588,202,172,2,384.61,5,730.76
589,202,87,3,62.14,15,158.46
590,202,133,4,101.25,0,405.0
591,202,134,1,202.83,0,202.83
592,203,20,4,137.53,0,550.12
593,203,193,2,280.12,0,560.24
594,204,61,4,437.87,0,1751.48
595,204,21,4,110.25,5,418.95
596,204,118,3,185.29,0,555.87
597,204,114,4,221.01,15,751.43
598,205,1,3,120.17,10,324.46
599,205,24,2,449.42,15,764.01
600,205,155,4,375.02,0,1500.08
601,205,159,3,490.46,0,1471.38
602,205,164,2,377.24,5,716.76
603,206,25,2,498.68,0,997.36
604,207,180,2,176.87,5,336.05
605,207,28,2,300.22,15,510.37
606,207,12,4,387.67,0,1550.68
607,208,49,4,296.21,0,1184.84
608,208,184,1,355.12,5,337.36
609,208,87,4,62.14,15,211.28
610,208,28,2,300.22,5,570.42
611,209,200,2,179.15,0,358.3
612,209,46,4,202.5,15,688.5
613,209,178,3,55.44,10,149.69
614,209,149,4,210.36,5,799.37
615,209,45,2,378.86,0,757.72
616,210,155,3,375.02,15,956.3
617,210,180,3,176.87,15,451.02
618,210,192,2,143.43,0,286.86
619,210,132,2,230.43,10,414.77
620,211,139,1,494.01,0,494.01
621,211,178,4,55.44,10,199.58
622,211,164,4,377.24,15,1282.62
623,211,83,3,187.92,5,535.57
624,211,182,1,425.54,10,382.99
625,212,69,2,291.69,0,583.38
626,212,193,3,280.12,0,840.36
627,213,116,2,355.85,15,604.95
628,213,27,4,315.59,0,1262.36
629,213,158,3,363.47,15,926.85
630,214,4,3,405.67,0,1217.01
631,215,140,2,308.26,0,616.52
632,215,190,4,19.21,0,76.84
633,215,155,1,375.02,0,375.02
634,215,51,2,118.33,15,201.16
635,215,199,1,267.81,5,254.42
636,216,42,3,384.09,0,1152.27
637,216,150,3,210.81,5,600.81
638,217,199,3,267.81,5,763.26
639,218,48,1,127.71,10,114.94
640,218,134,2,202.83,5,385.38
641,219,85,2,8.87,10,15.97
642,219,93,4,84.98,10,305.93
643,219,76,1,212.52,0,212.52
644,220,63,1,484.65,5,460.42
645,220,11,3,353.76,10,955.15
646,220,175,3,464.8,0,1394.4
647,220,83,3,187.92,10,507.38
648,220,98,4,108.99,5,414.16
649,221,43,1,473.69,15,402.64
650,222,180,1,176.87,15,150.34
651,222,190,2,19.21,0,38.42
652,222,199,4,267.81,15,910.55
653,222,112,3,93.39,0,280.17
654,222,166,1,30.78,0,30.78
655,223,105,4,436.72,5,1659.54
656,223,100,3,375.99,0,1127.97
657,223,116,4,355.85,15,1209.89
658,224,92,1,6.76,0,6.76
659,225,170,2,67.48,0,134.96
660,225,8,4,366.22,10,1318.39
661,225,122,3,99.96,15,254.9
662,225,41,2,47.4,0,94.8
663,226,32,1,60.22,10,54.2
664,226,11,4,353.76,10,1273.54
665,227,166,2,30.78,0,61.56
666,227,132,3,230.43,0,691.29
667,227,37,1,476.98,0,476.98
668,227,42,1,384.09,10,345.68
669,228,51,4,118.33,0,473.32
670,229,82,4,466.96,0,1867.84
671,229,125,3,217.79,15,555.36
672,230,64,4,206.17,0,824.68
673,230,57,3,338.32,0,1014.96
674,230,183,3,219.59,5,625.83
675,231,166,1,30.78,0,30.78
676,231,156,2,246.67,10,444.01
677,232,149,1,210.36,10,189.32
678,232,104,3,83.8,10,226.26
679,232,197,4,114.69,15,389.95
680,232,152,2,429.08,0,858.16
681,232,55,4,99.25,0,397.0
682,233,102,3,17.27,10,46.63
683,234,41,2,47.4,15,80.58
684,234,46,4,202.5,0,810.0
685,234,145,1,140.93,0,140.93
686,234,169,4,420.42,0,1681.68
687,235,100,1,375.99,0,375.99
688,235,121,3,204.19,0,612.57
689,235,117,3,344.99,15,879.72
690,236,168,2,378.35,10,681.03
691,236,20,4,137.53,0,550.12
692,236,133,3,101.25,5,288.56
693,236,65,4,451.71,10,1626.16
694,236,97,1,157.59,10,141.83
695,237,39,2,464.9,0,929.8
696,237,48,1,127.71,15,108.55
697,238,152,4,429.08,0,1716.32
698,238,42,2,384.09,0,768.18
699,239,147,2,44.89,0,89.78
700,240,145,3,140.93,0,422.79
701,240,164,2,377.24,5,716.76
702,240,5,4,173.42,5,659.0
703,240,185,2,482.91,0,965.82
704,240,187,4,137.86,10,496.3
705,241,153,4,241.1,5,916.18
706,241,152,2,429.08,0,858.16
707,241,18,1,113.71,0,113.71
708,241,59,4,99.84,0,399.36
709,242,137,1,234.95,0,234.95
710,243,95,4,275.07,0,1100.28
711,243,12,4,387.67,5,1473.15
712,243,179,3,403.74,10,1090.1
713,243,136,1,113.33,5,107.66
714,244,140,1,308.26,10,277.43
715,244,105,1,436.72,10,393.05
716,244,66,1,492.73,5,468.09
717,244,49,2,296.21,15,503.56
718,244,2,3,103.42,5,294.75
719,245,67,3,214.39,10,578.85
720,245,138,3,230.95,15,588.92
721,245,109,4,142.91,0,571.64
722,246,124,4,417.69,15,1420.15
723,246,65,2,451.71,15,767.91
724,246,79,1,231.33,15,196.63
725,246,148,2,348.51,5,662.17
726,246,89,2,105.78,0,211.56
727,247,42,4,384.09,15,1305.91
728,248,17,3,85.88,0,257.64
729,249,183,2,219.59,15,373.3
730,249,153,4,241.1,5,916.18
731,249,15,1,352.4,0,352.4
732,250,133,1,101.25,0,101.25
733,250,179,2,403.74,15,686.36
734,250,60,1,213.83,0,213.83
735,250,158,1,363.47,0,363.47
736,250,44,4,436.85,0,1747.4
737,251,24,3,449.42,15,1146.02
738,252,50,3,8.56,0,25.68
739,252,117,4,344.99,10,1241.96
740,252,104,1,83.8,10,75.42
741,252,148,1,348.51,10,313.66
742,252,2,3,103.42,0,310.26
743,253,178,4,55.44,0,221.76
744,253,114,3,221.01,5,629.88
745,253,97,4,157.59,10,567.32
746,254,81,3,271.13,10,732.05
747,254,106,1,103.79,15,88.22
748,255,46,3,202.5,0,607.5
749,255,122,2,99.96,5,189.92
750,255,81,2,271.13,0,542.26
751,255,91,2,318.97,0,637.94
752,255,56,2,180.38,0,360.76
753,256,174,4,482.54,10,1737.14
754,257,81,2,271.13,10,488.03
755,257,127,3,258.03,5,735.39
756,257,148,2,348.51,10,627.32
757,257,71,2,460.1,0,920.2
758,257,126,4,235.17,5,893.65
759,258,179,4,403.74,0,1614.96
760,259,93,2,84.98,10,152.96
761,259,157,3,19.37,0,58.11
762,259,67,3,214.39,5,611.01
763,260,180,4,176.87,0,707.48
764,260,193,4,280.12,0,1120.48
765,260,96,2,278.5,10,501.3
766,260,94,2,282.65,0,565.3
767,261,190,4,19.21,0,76.84
768,261,39,2,464.9,5,883.31
769,262,77,1,161.6,5,153.52
770,262,65,1,451.71,15,383.95
771,262,144,2,384.08,0,768.16
772,262,146,2,121.07,0,242.14
773,263,93,3,84.98,0,254.94
774,263,144,1,384.08,5,364.88
775,263,143,1,377.13,0,377.13
776,264,173,4,482.05,0,1928.2
777,264,131,4,27.88,10,100.37
778,264,125,3,217.79,5,620.7
779,265,162,1,29.89,0,29.89
780,265,157,2,19.37,0,38.74
781,265,147,2,44.89,0,89.78
782,265,104,3,83.8,15,213.69
783,266,134,1,202.83,0,202.83
784,266,116,2,355.85,15,604.95
785,266,106,3,103.79,15,264.66
786,266,43,1,473.69,0,473.69
787,266,48,2,127.71,5,242.65
788,267,198,4,333.66,10,1201.18
789,268,64,3,206.17,5,587.58
790,268,189,2,287.08,0,574.16
791,269,120,4,256.03,0,1024.12
792,269,139,2,494.01,10,889.22
793,269,70,4,33.3,15,113.22
794,269,141,4,416.13,10,1498.07
795,270,23,3,271.79,0,815.37
796,270,114,4,221.01,0,884.04
797,271,74,1,64.34,15,54.69
798,271,121,4,204.19,5,775.92
799,271,137,3,234.95,0,704.85
800,272,49,4,296.21,5,1125.6
801,272,106,2,103.79,0,207.58
802,272,144,4,384.08,5,1459.5
803,273,196,3,226.85,15,578.47
804,273,157,3,19.37,5,55.2
805,273,178,2,55.44,0,110.88
806,273,176,2,201.34,0,402.68
807,273,70,3,33.3,0,99.9
808,274,83,2,187.92,0,375.84
809,274,5,1,173.42,0,173.42
810,275,60,1,213.83,0,213.83
811,276,96,3,278.5,0,835.5
812,276,119,2,313.46,0,626.92
813,276,179,3,403.74,5,1150.66
814,276,9,1,44.01,10,39.61
815,277,197,2,114.69,5,217.91
816,278,122,3,99.96,0,299.88
817,278,100,2,375.99,15,639.18
818,279,51,2,118.33,0,236.66
819,279,93,2,84.98,15,144.47
820,279,14,4,85.51,0,342.04
821,280,149,4,210.36,15,715.22
822,281,176,3,201.34,15,513.42
823,282,33,4,6.61,0,26.44
824,283,177,4,298.09,0,1192.36
825,284,139,2,494.01,10,889.22
826,284,179,2,403.74,10,726.73
827,284,126,3,235.17,0,705.51
828,285,76,4,212.52,0,850.08
829,285,68,4,81.62,15,277.51
830,285,139,2,494.01,0,988.02
831,285,94,3,282.65,10,763.15
832,286,40,3,33.67,0,101.01
833,286,157,1,19.37,10,17.43
834,286,73,1,299.54,0,299.54
835,286,83,2,187.92,0,375.84
836,286,105,1,436.72,0,436.72
837,287,135,3,446.87,0,1340.61
838,287,160,3,297.99,0,893.97
839,287,180,1,176.87,0,176.87
840,287,152,2,429.08,15,729.44
841,288,191,3,246.34,10,665.12
842,288,107,1,156.07,15,132.66
843,288,95,1,275.07,0,275.07
844,288,182,1,425.54,0,425.54
845,288,15,1,352.4,0,352.4
846,289,146,2,121.07,10,217.93
847,289,161,4,323.16,15,1098.74
848,290,43,2,473.69,10,852.64
849,291,154,3,377.97,0,1133.91
850,291,114,4,221.01,15,751.43
851,291,91,4,318.97,15,1084.5
852,291,81,3,271.13,10,732.05
853,291,141,2,416.13,10,749.03
854,292,116,1,355.85,15,302.47
855,292,115,1,450.25,0,450.25
856,292,102,1,17.27,10,15.54
857,293,6,3,55.59,10,150.09
858,293,198,2,333.66,0,667.32
859,293,177,1,298.09,5,283.19
860,294,66,1,492.73,10,443.46
861,294,77,4,161.6,10,581.76
862,295,177,3,298.09,0,894.27
863,295,180,4,176.87,0,707.48
864,295,148,1,348.51,0,348.51
865,295,25,3,498.68,5,1421.24
866,296,163,4,230.08,0,920.32
867,297,84,2,353.25,0,706.5
868,297,129,1,170.92,15,145.28
869,298,101,3,488.22,0,1464.66
870,298,38,4,301.48,10,1085.33
871,298,34,1,382.17,10,343.95
872,299,196,4,226.85,10,816.66
873,299,35,2,421.63,5,801.1
874,300,199,1,267.81,0,267.81
875,300,111,4,168.92,5,641.9
876,300,83,3,187.92,0,563.76
877,301,158,2,363.47,5,690.59
878,301,114,1,221.01,0,221.01
879,301,160,2,297.99,15,506.58
880,302,159,3,490.46,0,1471.38
881,302,38,3,301.48,15,768.77
882,303,54,2,238.97,0,477.94
883,303,190,3,19.21,10,51.87
884,303,138,4,230.95,10,831.42
885,304,66,2,492.73,0,985.46
886,305,170,1,67.48,0,67.48
887,305,70,3,33.3,15,84.91
888,305,169,4,420.42,0,1681.68
889,305,93,4,84.98,10,305.93
890,306,48,2,127.71,10,229.88
891,307,126,2,235.17,0,470.34
892,307,101,3,488.22,15,1244.96
893,307,191,3,246.34,0,739.02
894,308,8,2,366.22,0,732.44
895,308,143,4,377.13,15,1282.24
896,308,72,2,480.59,0,961.18
897,308,58,4,204.3,10,735.48
898,309,80,2,231.85,0,463.7
899,309,155,2,375.02,10,675.04
900,309,85,2,8.87,0,17.74
901,309,115,3,450.25,15,1148.14
902,310,82,1,466.96,0,466.96
903,310,18,3,113.71,0,341.13
904,311,39,1,464.9,0,464.9
905,311,200,2,179.15,0,358.3
906,311,49,3,296.21,10,799.77
907,312,177,4,298.09,0,1192.36
908,313,36,1,80.66,5,76.63
909,313,42,1,384.09,0,384.09
910,313,50,4,8.56,0,34.24
911,313,58,2,204.3,0,408.6
912,314,64,1,206.17,10,185.55
913,314,110,4,322.53,15,1096.6
914,314,104,3,83.8,5,238.83
915,314,199,1,267.81,10,241.03
916,315,138,4,230.95,10,831.42
917,315,102,1,17.27,0,17.27
918,315,189,3,287.08,5,818.18
919,315,11,4,353.76,0,1415.04
920,315,143,3,377.13,5,1074.82
921,316,119,4,313.46,0,1253.84
922,316,166,1,30.78,0,30.78
923,317,7,2,424.51,5,806.57
924,317,46,1,202.5,0,202.5
925,317,117,3,344.99,15,879.72
926,317,152,2,429.08,15,729.44
927,318,22,4,75.72,15,257.45
928,318,135,2,446.87,5,849.05
929,318,182,4,425.54,0,1702.16
930,319,38,1,301.48,5,286.41
931,319,46,3,202.5,0,607.5
932,320,34,2,382.17,0,764.34
933,321,2,4,103.42,5,393.0
934,321,156,4,246.67,5,937.35
935,321,127,1,258.03,10,232.23
936,321,61,1,437.87,0,437.87
937,321,56,3,180.38,10,487.03
938,322,10,3,443.3,0,1329.9
939,322,38,1,301.48,0,301.48
940,322,9,1,44.01,5,41.81
941,323,24,3,449.42,0,1348.26
942,324,75,4,291.56,0,1166.24
943,325,54,1,238.97,5,227.02
944,325,179,3,403.74,5,1150.66
945,325,157,3,19.37,0,58.11
946,325,15,3,352.4,0,1057.2
947,325,28,4,300.22,10,1080.79
948,326,182,2,425.54,0,851.08
949,326,75,1,291.56,0,291.56
950,327,12,2,387.67,0,775.34
951,327,86,2,466.22,15,792.57
952,327,90,3,246.82,0,740.46
953,327,144,1,384.08,0,384.08
954,328,88,1,139.81,0,139.81
955,328,102,2,17.27,0,34.54
956,328,186,3,388.45,15,990.55
957,329,40,3,33.67,5,95.96
958,329,161,4,323.16,15,1098.74
959,329,118,1,185.29,10,166.76
960,329,138,3,230.95,10,623.56
961,330,17,1,85.88,0,85.88
962,330,39,4,464.9,15,1580.66
963,330,72,2,480.59,10,865.06
964,331,70,4,33.3,0,133.2
965,332,78,2,123.15,0,246.3
966,332,45,4,378.86,10,1363.9
967,332,29,1,498.08,5,473.18
968,332,96,2,278.5,0,557.0
969,332,10,3,443.3,5,1263.4
970,333,133,2,101.25,0,202.5
971,334,2,3,103.42,0,310.26
972,335,197,3,114.69,15,292.46
973,335,169,2,420.42,0,840.84
974,335,191,2,246.34,0,492.68
975,335,80,3,231.85,0,695.55
976,335,6,3,55.59,5,158.43
977,336,160,1,297.99,0,297.99
978,337,63,3,484.65,10,1308.55
979,337,44,4,436.85,0,1747.4
980,337,19,2,411.79,0,823.58
981,337,80,4,231.85,15,788.29
982,337,157,1,19.37,0,19.37
983,338,162,3,29.89,0,89.67
984,338,177,3,298.09,0,894.27
985,338,180,1,176.87,5,168.03
986,338,115,2,450.25,0,900.5
987,338,158,4,363.47,0,1453.88
988,339,67,3,214.39,0,643.17
989,339,94,4,282.65,5,1074.07
990,339,101,1,488.22,0,488.22
991,339,47,4,221.86,0,887.44
992,339,180,3,176.87,5,504.08
993,340,33,1,6.61,0,6.61
994,340,131,1,27.88,0,27.88
995,340,27,4,315.59,5,1199.24
996,340,104,4,83.8,0,335.2
997,340,183,2,219.59,10,395.26
998,341,111,2,168.92,0,337.84
999,341,112,1,93.39,15,79.38
1000,341,146,4,121.07,0,484.28
1001,341,88,4,139.81,0,559.24
1002,341,140,1,308.26,5,292.85
1003,342,198,1,333.66,0,333.66
1004,342,98,2,108.99,0,217.98
1005,342,84,1,353.25,0,353.25
1006,342,127,2,258.03,5,490.26
1007,342,166,3,30.78,5,87.72
1008,343,174,1,482.54,10,434.29
1009,343,78,1,123.15,10,110.84
1010,343,112,4,93.39,0,373.56
1011,343,184,3,355.12,0,1065.36
1012,343,89,3,105.78,10,285.61
1013,344,111,4,168.92,15,574.33
1014,344,180,3,176.87,15,451.02
1015,345,122,2,99.96,10,179.93
1016,345,36,4,80.66,0,322.64
1017,346,37,4,476.98,15,1621.73
1018,347,109,4,142.91,10,514.48
1019,347,160,4,297.99,5,1132.36
1020,347,47,3,221.86,0,665.58
1021,347,117,2,344.99,5,655.48
1022,347,131,1,27.88,10,25.09
1023,348,94,3,282.65,0,847.95
1024,348,9,4,44.01,15,149.63
1025,348,10,1,443.3,0,443.3
1026,348,146,3,121.07,5,345.05
1027,348,124,1,417.69,10,375.92
1028,349,149,1,210.36,5,199.84
1029,349,80,4,231.85,10,834.66
1030,349,157,4,19.37,10,69.73
1031,349,14,3,85.51,5,243.7
1032,349,88,3,139.81,0,419.43
1033,350,187,1,137.86,15,117.18
1034,350,145,4,140.93,10,507.35
1035,350,67,2,214.39,10,385.9
1036,351,130,3,116.2,0,348.6
1037,351,20,2,137.53,10,247.55
1038,352,45,4,378.86,0,1515.44
1039,352,152,2,429.08,0,858.16
1040,352,190,2,19.21,5,36.5
1041,352,39,2,464.9,10,836.82
1042,352,169,1,420.42,0,420.42
1043,353,61,2,437.87,0,875.74
1044,353,170,3,67.48,0,202.44
1045,353,113,3,58.66,0,175.98
1046,353,186,1,388.45,0,388.45
1047,354,175,3,464.8,0,1394.4
1048,354,181,4,39.13,0,156.52
1049,354,100,3,375.99,5,1071.57
1050,354,122,4,99.96,15,339.86
1051,355,157,3,19.37,0,58.11
1052,355,167,1,326.82,0,326.82
1053,355,70,4,33.3,5,126.54
1054,355,86,2,466.22,15,792.57
1055,356,3,1,212.66,10,191.39
1056,356,173,1,482.05,15,409.74
1057,356,18,4,113.71,0,454.84
1058,356,4,2,405.67,15,689.64
1059,356,106,3,103.79,0,311.37
1060,357,164,2,377.24,5,716.76
1061,357,32,2,60.22,0,120.44
1062,357,182,2,425.54,0,851.08
1063,357,31,3,342.45,5,975.98
1064,357,23,1,271.79,15,231.02
1065,358,42,3,384.09,0,1152.27
1066,358,200,4,179.15,5,680.77
1067,358,19,3,411.79,0,1235.37
1068,359,157,2,19.37,15,32.93
1069,359,101,4,488.22,0,1952.88
1070,360,184,1,355.12,0,355.12
1071,360,67,3,214.39,5,611.01
1072,360,27,1,315.59,5,299.81
1073,360,9,2,44.01,15,74.82
1074,361,148,4,348.51,5,1324.34
1075,361,1,4,120.17,5,456.65
1076,361,132,1,230.43,10,207.39
1077,361,182,2,425.54,0,851.08
1078,362,86,4,466.22,0,1864.88
1079,362,175,1,464.8,0,464.8
1080,362,78,3,123.15,0,369.45
1081,363,170,4,67.48,0,269.92
1082,363,49,3,296.21,5,844.2
1083,363,77,1,161.6,15,137.36
1084,363,179,4,403.74,15,1372.72
1085,364,100,3,375.99,5,1071.57
1086,364,17,4,85.88,0,343.52
1087,364,139,1,494.01,0,494.01
1088,364,165,1,418.28,0,418.28
1089,365,39,1,464.9,15,395.16
1090,365,190,2,19.21,5,36.5
1091,365,149,1,210.36,5,199.84
1092,365,60,1,213.83,0,213.83
1093,365,19,2,411.79,0,823.58
1094,366,44,4,436.85,10,1572.66
1095,366,152,2,429.08,0,858.16
1096,366,17,2,85.88,5,163.17
1097,366,28,3,300.22,15,765.56
1098,366,30,4,431.09,0,1724.36
1099,367,45,2,378.86,5,719.83
1100,367,86,2,466.22,15,792.57
1101,367,17,3,85.88,10,231.88
1102,367,31,2,342.45,5,650.65
1103,367,71,2,460.1,10,828.18
1104,368,21,3,110.25,5,314.21
1105,368,2,4,103.42,15,351.63
1106,368,46,2,202.5,0,405.0
1107,368,23,2,271.79,15,462.04
1108,369,153,2,241.1,15,409.87
1109,370,61,3,437.87,10,1182.25
1110,370,50,2,8.56,5,16.26
1111,370,31,2,342.45,0,684.9
1112,370,136,1,113.33,0,113.33
1113,370,25,1,498.68,0,498.68
1114,371,166,3,30.78,0,92.34
1115,372,27,1,315.59,10,284.03
1116,373,61,4,437.87,10,1576.33
1117,374,200,3,179.15,0,537.45
1118,374,29,1,498.08,0,498.08
1119,375,150,2,210.81,0,421.62
1120,375,125,4,217.79,0,871.16
1121,375,14,4,85.51,0,342.04
1122,375,112,2,93.39,5,177.44
1123,376,178,1,55.44,0,55.44
1124,377,76,2,212.52,15,361.28
1125,377,155,2,375.02,10,675.04
1126,378,152,4,429.08,0,1716.32
1127,378,122,1,99.96,15,84.97
1128,379,152,1,429.08,5,407.63
1129,379,39,1,464.9,0,464.9
1130,380,179,2,403.74,0,807.48
1131,380,26,1,50.0,15,42.5
1132,380,116,4,355.85,0,1423.4
1133,380,127,2,258.03,0,516.06
1134,381,147,4,44.89,5,170.58
1135,381,192,2,143.43,15,243.83
1136,381,150,4,210.81,0,843.24
1137,381,7,3,424.51,15,1082.5
1138,382,76,4,212.52,0,850.08
1139,383,189,3,287.08,0,861.24
1140,383,15,1,352.4,5,334.78
1141,383,132,3,230.43,5,656.73
1142,384,182,2,425.54,10,765.97
1143,384,199,1,267.81,15,227.64
1144,384,53,4,111.05,15,377.57
1145,384,36,2,80.66,15,137.12
1146,384,86,2,466.22,0,932.44
1147,385,14,3,85.51,5,243.7
1148,385,17,4,85.88,10,309.17
1149,385,96,1,278.5,5,264.57
1150,386,173,2,482.05,5,915.89
1151,386,178,1,55.44,0,55.44
1152,386,17,4,85.88,0,343.52
1153,387,128,2,145.47,10,261.85
1154,387,39,1,464.9,0,464.9
1155,388,189,2,287.08,0,574.16
1156,388,166,1,30.78,0,30.78
1157,388,6,3,55.59,5,158.43
1158,388,75,3,291.56,15,743.48
1159,389,114,3,221.01,0,663.03
1160,389,118,3,185.29,0,555.87
1161,389,78,4,123.15,0,492.6
1162,389,146,3,121.07,0,363.21
1163,389,34,2,382.17,0,764.34
1164,390,47,2,221.86,0,443.72
1165,390,45,2,378.86,0,757.72
1166,390,182,1,425.54,0,425.54
1167,391,144,1,384.08,15,326.47
1168,391,182,3,425.54,0,1276.62
1169,392,7,4,424.51,5,1613.14
1170,393,85,3,8.87,10,23.95
1171,393,166,2,30.78,10,55.4
1172,393,181,4,39.13,0,156.52
1173,393,76,1,212.52,15,180.64
1174,393,122,4,99.96,0,399.84
1175,394,57,1,338.32,10,304.49
1176,394,115,2,450.25,10,810.45
1177,394,92,2,6.76,0,13.52
1178,394,24,2,449.42,0,898.84
1179,394,84,1,353.25,10,317.93
1180,395,155,3,375.02,5,1068.81
1181,395,131,2,27.88,15,47.4
1182,395,15,4,352.4,0,1409.6
1183,396,144,4,384.08,15,1305.87
1184,396,23,4,271.79,5,1032.8
1185,396,56,3,180.38,0,541.14
1186,396,187,4,137.86,15,468.72
1187,397,86,1,466.22,0,466.22
1188,397,17,4,85.88,15,291.99
1189,397,152,3,429.08,5,1222.88
1190,397,194,2,124.47,10,224.05
1191,397,97,4,157.59,15,535.81
1192,398,126,4,235.17,0,940.68
1193,398,11,1,353.76,0,353.76
1194,398,78,2,123.15,0,246.3
1195,398,150,3,210.81,15,537.57
1196,398,127,4,258.03,0,1032.12
1197,399,31,3,342.45,5,975.98
1198,400,161,1,323.16,0,323.16
1199,400,176,1,201.34,0,201.34
1200,400,122,2,99.96,10,179.93
1201,401,42,3,384.09,5,1094.66
1202,401,14,3,85.51,0,256.53
1203,401,70,3,33.3,0,99.9
1204,402,193,3,280.12,0,840.36
1205,402,43,3,473.69,0,1421.07
1206,402,140,3,308.26,0,924.78
1207,402,83,1,187.92,0,187.92
1208,402,81,3,271.13,0,813.39
1209,403,57,1,338.32,5,321.4
1210,403,49,4,296.21,0,1184.84
1211,403,144,1,384.08,0,384.08
1212,403,158,1,363.47,5,345.3
1213,403,177,3,298.09,0,894.27
1214,404,45,1,378.86,15,322.03
1215,404,182,1,425.54,0,425.54
1216,404,78,2,123.15,15,209.36
1217,405,109,1,142.91,0,142.91
1218,406,169,1,420.42,5,399.4
1219,407,32,2,60.22,10,108.4
1220,408,90,2,246.82,10,444.28
1221,408,91,1,318.97,0,318.97
1222,408,42,1,384.09,10,345.68
1223,408,129,2,170.92,15,290.56
1224,408,200,2,179.15,0,358.3
1225,409,130,4,116.2,0,464.8
1226,409,182,2,425.54,5,808.53
1227,410,55,1,99.25,0,99.25
1228,410,132,1,230.43,5,218.91
1229,410,59,1,99.84,10,89.86
1230,410,105,2,436.72,5,829.77
1231,411,99,3,180.07,5,513.2
1232,412,110,4,322.53,15,1096.6
1233,412,49,3,296.21,0,888.63
1234,412,18,1,113.71,15,96.65
1235,413,37,4,476.98,5,1812.52
1236,414,52,1,40.07,0,40.07
1237,414,153,4,241.1,15,819.74
1238,414,104,4,83.8,0,335.2
1239,415,125,4,217.79,0,871.16
1240,415,131,1,27.88,0,27.88
1241,415,72,4,480.59,5,1826.24
1242,415,38,2,301.48,15,512.52
1243,416,46,4,202.5,10,729.0
1244,417,195,1,380.29,15,323.25
1245,418,130,1,116.2,0,116.2
1246,418,67,4,214.39,0,857.56
1247,418,139,4,494.01,5,1877.24
1248,418,88,3,139.81,5,398.46
1249,419,126,2,235.17,0,470.34
1250,419,111,4,168.92,5,641.9
1251,420,15,4,352.4,10,1268.64
1252,420,101,3,488.22,0,1464.66
1253,420,68,3,81.62,0,244.86
1254,420,127,1,258.03,10,232.23
1255,420,152,1,429.08,0,429.08
1256,421,92,1,6.76,15,5.75
1257,421,106,2,103.79,0,207.58
1258,421,90,2,246.82,15,419.59
1259,422,44,3,436.85,0,1310.55
1260,422,6,4,55.59,15,189.01
1261,422,138,4,230.95,10,831.42
1262,423,82,4,466.96,10,1681.06
1263,424,129,2,170.92,10,307.66
1264,424,196,3,226.85,0,680.55
1265,424,171,4,474.14,0,1896.56
1266,424,87,4,62.14,15,211.28
1267,425,147,1,44.89,15,38.16
1268,425,103,1,402.11,10,361.9
1269,425,58,3,204.3,0,612.9
1270,426,167,3,326.82,10,882.41
1271,427,160,2,297.99,0,595.98
1272,427,132,2,230.43,10,414.77
1273,427,117,4,344.99,0,1379.96
1274,428,197,1,114.69,10,103.22
1275,428,112,2,93.39,0,186.78
1276,428,145,4,140.93,0,563.72
1277,428,187,2,137.86,0,275.72
1278,428,161,3,323.16,5,921.01
1279,429,69,3,291.69,15,743.81
1280,429,74,2,64.34,5,122.25
1281,429,166,2,30.78,0,61.56
1282,429,42,2,384.09,0,768.18
1283,430,109,2,142.91,0,285.82
1284,430,166,2,30.78,0,61.56
1285,430,10,3,443.3,0,1329.9
1286,430,52,2,40.07,15,68.12
1287,431,77,1,161.6,5,153.52
1288,431,17,2,85.88,0,171.76
1289,431,105,1,436.72,10,393.05
1290,431,94,1,282.65,10,254.38
1291,431,172,3,384.61,5,1096.14
1292,432,109,2,142.91,0,285.82
1293,432,56,2,180.38,0,360.76
1294,433,137,3,234.95,10,634.36
1295,433,96,4,278.5,5,1058.3
1296,433,180,2,176.87,0,353.74
1297,433,29,2,498.08,0,996.16
1298,434,177,2,298.09,0,596.18
1299,435,114,1,221.01,5,209.96
1300,435,100,3,375.99,0,1127.97
1301,436,197,1,114.69,0,114.69
1302,436,165,1,418.28,5,397.37
1303,436,105,4,436.72,15,1484.85
1304,437,130,4,116.2,10,418.32
1305,437,17,3,85.88,5,244.76
1306,437,91,1,318.97,0,318.97
1307,438,52,1,40.07,0,40.07
1308,438,161,2,323.16,0,646.32
1309,438,79,2,231.33,10,416.39
1310,438,81,4,271.13,0,1084.52
1311,439,51,3,118.33,0,354.99
1312,439,22,4,75.72,5,287.74
1313,439,107,2,156.07,0,312.14
1314,440,180,4,176.87,10,636.73
1315,440,44,4,436.85,10,1572.66
1316,440,13,3,193.16,0,579.48
1317,441,184,4,355.12,5,1349.46
1318,442,69,4,291.69,5,1108.42
1319,442,74,2,64.34,5,122.25
1320,443,47,3,221.86,0,665.58
1321,443,105,2,436.72,10,786.1
1322,443,38,4,301.48,0,1205.92
1323,443,8,3,366.22,10,988.79
1324,444,178,2,55.44,15,94.25
1325,444,102,4,17.27,15,58.72
1326,444,176,4,201.34,15,684.56
1327,445,86,2,466.22,5,885.82
1328,446,78,2,123.15,10,221.67
1329,446,102,1,17.27,10,15.54
1330,446,172,2,384.61,0,769.22
1331,446,95,2,275.07,10,495.13
1332,447,111,1,168.92,0,168.92
1333,447,37,4,476.98,0,1907.92
1334,447,67,3,214.39,5,611.01
1335,447,30,3,431.09,0,1293.27
1336,447,81,3,271.13,10,732.05
1337,448,143,4,377.13,0,1508.52
1338,448,169,2,420.42,0,840.84
1339,449,181,4,39.13,0,156.52
1340,449,120,4,256.03,0,1024.12
1341,450,32,1,60.22,0,60.22
1342,450,90,3,246.82,0,740.46
1343,451,150,2,210.81,5,400.54
1344,451,2,1,103.42,0,103.42
1345,452,96,2,278.5,0,557.0
1346,452,152,1,429.08,5,407.63
1347,452,28,4,300.22,5,1140.84
1348,452,83,3,187.92,10,507.38
1349,453,84,2,353.25,0,706.5
1350,453,188,3,143.07,0,429.21
1351,453,146,1,121.07,15,102.91
1352,453,34,1,382.17,10,343.95
1353,454,198,1,333.66,0,333.66
1354,454,103,2,402.11,0,804.22
1355,455,77,4,161.6,5,614.08
1356,456,52,3,40.07,10,108.19
1357,456,126,4,235.17,0,940.68
1358,456,115,4,450.25,0,1801.0
1359,456,100,2,375.99,5,714.38
1360,456,122,4,99.96,0,399.84
1361,457,127,1,258.03,0,258.03
1362,457,135,4,446.87,5,1698.11
1363,458,134,3,202.83,10,547.64
1364,458,110,1,322.53,10,290.28
1365,459,25,3,498.68,0,1496.04
1366,459,119,3,313.46,10,846.34
1367,459,170,1,67.48,10,60.73
1368,459,185,1,482.91,0,482.91
1369,460,22,4,75.72,15,257.45
1370,461,48,3,127.71,15,325.66
1371,461,55,1,99.25,5,94.29
1372,461,21,1,110.25,0,110.25
1373,462,178,4,55.44,0,221.76
1374,462,104,3,83.8,15,213.69
1375,462,169,4,420.42,0,1681.68
1376,462,191,1,246.34,0,246.34
1377,463,54,4,238.97,15,812.5
1378,464,78,4,123.15,0,492.6
1379,465,121,2,204.19,0,408.38
1380,465,6,3,55.59,10,150.09
1381,465,116,4,355.85,0,1423.4
1382,465,150,3,210.81,0,632.43
1383,466,188,4,143.07,5,543.67
1384,466,142,4,373.11,0,1492.44
1385,466,75,1,291.56,10,262.4
1386,466,10,1,443.3,5,421.13
1387,466,125,3,217.79,10,588.03
1388,467,115,1,450.25,0,450.25
1389,467,179,3,403.74,15,1029.54
1390,467,112,2,93.39,5,177.44
1391,468,184,4,355.12,5,1349.46
1392,468,169,3,420.42,5,1198.2
1393,468,120,2,256.03,10,460.85
1394,468,34,2,382.17,0,764.34
1395,468,76,1,212.52,15,180.64
1396,469,107,4,156.07,0,624.28
1397,470,174,1,482.54,0,482.54
1398,470,41,3,47.4,5,135.09
1399,470,45,1,378.86,10,340.97
1400,471,197,3,114.69,0,344.07
1401,471,12,1,387.67,15,329.52
1402,471,198,1,333.66,5,316.98
1403,472,144,1,384.08,10,345.67
1404,473,196,1,226.85,0,226.85
1405,473,130,3,116.2,0,348.6
1406,473,128,2,145.47,0,290.94
1407,473,188,2,143.07,5,271.83
1408,474,130,3,116.2,0,348.6
1409,474,44,4,436.85,0,1747.4
1410,474,22,2,75.72,0,151.44
1411,475,118,1,185.29,5,176.03
1412,475,133,2,101.25,0,202.5
1413,475,175,1,464.8,0,464.8
1414,475,93,3,84.98,0,254.94
1415,476,148,3,348.51,5,993.25
1416,476,15,4,352.4,15,1198.16
1417,477,157,2,19.37,10,34.87
1418,477,38,4,301.48,15,1025.03
1419,477,180,3,176.87,15,451.02
1420,477,104,4,83.8,0,335.2
1421,477,115,3,450.25,0,1350.75
1422,478,139,3,494.01,10,1333.83
1423,478,73,3,299.54,15,763.83
1424,478,55,2,99.25,0,198.5
1425,478,24,1,449.42,10,404.48
1426,478,131,3,27.88,0,83.64
1427,479,96,3,278.5,15,710.17
1428,480,147,4,44.89,0,179.56
1429,480,189,2,287.08,15,488.04
1430,480,2,2,103.42,0,206.84
1431,481,84,2,353.25,0,706.5
1432,482,16,4,306.52,0,1226.08
1433,483,144,4,384.08,15,1305.87
1434,483,133,4,101.25,5,384.75
1435,483,200,4,179.15,15,609.11
1436,483,102,4,17.27,0,69.08
1437,483,68,2,81.62,10,146.92
1438,484,31,1,342.45,15,291.08
1439,484,178,2,55.44,10,99.79
1440,484,55,3,99.25,0,297.75
1441,484,117,4,344.99,0,1379.96
1442,484,122,1,99.96,0,99.96
1443,485,96,3,278.5,0,835.5
1444,486,108,2,16.71,15,28.41
1445,486,13,4,193.16,0,772.64
1446,486,79,1,231.33,10,208.2
1447,486,73,3,299.54,0,898.62
1448,486,56,1,180.38,5,171.36
1449,487,34,4,382.17,5,1452.25
1450,487,196,4,226.85,0,907.4
1451,487,36,3,80.66,0,241.98
1452,487,130,4,116.2,5,441.56
1453,487,163,2,230.08,5,437.15
1454,488,43,1,473.69,10,426.32
1455,489,50,1,8.56,10,7.7
1456,490,169,2,420.42,0,840.84
1457,491,137,3,234.95,5,669.61
1458,492,7,3,424.51,0,1273.53
1459,492,136,1,113.33,0,113.33
1460,492,82,2,466.96,0,933.92
1461,492,98,2,108.99,0,217.98
1462,493,158,3,363.47,0,1090.41
1463,494,106,3,103.79,5,295.8
1464,494,83,1,187.92,0,187.92
1465,495,30,4,431.09,10,1551.92
1466,495,69,4,291.69,0,1166.76
1467,495,16,4,306.52,0,1226.08
1468,495,82,4,466.96,15,1587.66
1469,496,64,2,206.17,0,412.34
1470,497,96,2,278.5,0,557.0
1471,497,139,4,494.01,10,1778.44
1472,498,1,4,120.17,0,480.68
1473,498,16,3,306.52,15,781.63
1474,499,145,1,140.93,0,140.93
1475,499,18,3,113.71,5,324.07
1476,499,77,2,161.6,10,290.88
1477,499,23,3,271.79,15,693.06
1478,499,102,3,17.27,15,44.04
1479,500,118,3,185.29,0,555.87
1480,500,154,2,377.97,15,642.55
1481,501,179,1,403.74,15,343.18
1482,501,181,1,39.13,10,35.22
1483,501,126,1,235.17,15,199.89
1484,501,196,4,226.85,15,771.29
1485,501,101,1,488.22,0,488.22
1486,502,95,2,275.07,15,467.62
1487,502,50,1,8.56,0,8.56
1488,502,114,3,221.01,0,663.03
1489,502,3,1,212.66,10,191.39
1490,503,127,2,258.03,0,516.06
1491,503,181,2,39.13,15,66.52
1492,503,156,4,246.67,0,986.68
1493,504,173,1,482.05,10,433.85
1494,504,175,2,464.8,15,790.16
1495,504,155,1,375.02,0,375.02
1496,504,145,3,140.93,10,380.51
1497,504,45,2,378.86,10,681.95
1498,505,65,4,451.71,15,1535.81
1499,505,175,1,464.8,0,464.8
1500,505,144,4,384.08,5,1459.5
1501,505,117,3,344.99,0,1034.97
1502,505,1,4,120.17,5,456.65
1503,506,115,3,450.25,0,1350.75
1504,506,81,1,271.13,15,230.46
1505,506,2,2,103.42,15,175.81
1506,506,101,4,488.22,0,1952.88
1507,506,50,2,8.56,0,17.12
1508,507,123,4,309.68,0,1238.72
1509,508,88,3,139.81,10,377.49
1510,508,14,2,85.51,0,171.02
1511,509,32,3,60.22,15,153.56
1512,509,22,1,75.72,0,75.72
1513,509,16,1,306.52,5,291.19
1514,509,9,1,44.01,0,44.01
1515,509,97,4,157.59,0,630.36
1516,510,159,4,490.46,0,1961.84
1517,511,159,1,490.46,5,465.94
1518,511,26,3,50.0,10,135.0
1519,511,87,2,62.14,0,124.28
1520,511,167,1,326.82,0,326.82
1521,511,173,1,482.05,10,433.85
1522,512,186,2,388.45,0,776.9
1523,512,159,1,490.46,0,490.46
1524,512,114,2,221.01,0,442.02
1525,512,48,4,127.71,10,459.76
1526,513,38,3,301.48,10,814.0
1527,513,121,3,204.19,0,612.57
1528,514,61,1,437.87,5,415.98
1529,515,171,4,474.14,10,1706.9
1530,515,122,3,99.96,10,269.89
1531,516,117,1,344.99,5,327.74
1532,517,160,3,297.99,15,759.87
1533,517,55,4,99.25,0,397.0
1534,517,62,4,53.46,0,213.84
1535,517,124,1,417.69,0,417.69
1536,518,75,2,291.56,15,495.65
1537,518,113,3,58.66,0,175.98
1538,519,87,2,62.14,0,124.28
1539,519,142,2,373.11,0,746.22
1540,520,87,2,62.14,0,124.28
1541,521,160,2,297.99,0,595.98
1542,521,112,2,93.39,0,186.78
1543,521,183,4,219.59,15,746.61
1544,521,17,3,85.88,0,257.64
1545,521,31,4,342.45,15,1164.33
1546,522,84,1,353.25,15,300.26
1547,522,64,3,206.17,0,618.51
1548,523,170,4,67.48,15,229.43
1549,523,158,3,363.47,5,1035.89
1550,523,17,4,85.88,0,343.52
1551,523,43,3,473.69,15,1207.91
1552,524,69,1,291.69,0,291.69
1553,524,149,2,210.36,0,420.72
1554,524,103,4,402.11,0,1608.44
1555,524,164,4,377.24,0,1508.96
1556,525,66,2,492.73,0,985.46
1557,525,141,3,416.13,5,1185.97
1558,525,22,3,75.72,0,227.16
1559,526,116,3,355.85,5,1014.17
1560,526,120,3,256.03,0,768.09
1561,526,111,4,168.92,0,675.68
1562,526,105,2,436.72,5,829.77
1563,527,140,1,308.26,0,308.26
1564,527,165,1,418.28,0,418.28
1565,527,21,1,110.25,10,99.23
1566,527,71,2,460.1,0,920.2
1567,527,59,2,99.84,15,169.73
1568,528,67,3,214.39,5,611.01
1569,528,3,4,212.66,10,765.58
1570,528,198,1,333.66,5,316.98
1571,528,77,2,161.6,5,307.04
1572,528,73,2,299.54,0,599.08
1573,529,194,1,124.47,0,124.47
1574,529,120,2,256.03,5,486.46
1575,529,185,4,482.91,0,1931.64
1576,529,119,4,313.46,5,1191.15
1577,529,88,1,139.81,0,139.81
1578,530,169,4,420.42,5,1597.6
1579,530,91,4,318.97,15,1084.5
1580,530,87,3,62.14,0,186.42
1581,530,58,1,204.3,10,183.87
1582,531,156,4,246.67,0,986.68
1583,531,147,4,44.89,0,179.56
1584,531,101,4,488.22,0,1952.88
1585,531,98,3,108.99,10,294.27
1586,531,53,4,111.05,15,377.57
1587,532,9,4,44.01,0,176.04
1588,532,177,2,298.09,0,596.18
1589,533,18,1,113.71,0,113.71
1590,533,117,3,344.99,5,983.22
1591,533,15,4,352.4,0,1409.6
1592,533,95,1,275.07,0,275.07
1593,533,133,4,101.25,5,384.75
1594,534,182,3,425.54,10,1148.96
1595,534,171,2,474.14,10,853.45
1596,534,122,4,99.96,0,399.84
1597,534,41,2,47.4,0,94.8
1598,535,85,1,8.87,15,7.54
1599,535,146,1,121.07,0,121.07
1600,535,126,4,235.17,0,940.68
1601,535,118,3,185.29,5,528.08
1602,535,119,2,313.46,5,595.57
1603,536,101,1,488.22,0,488.22
1604,537,127,1,258.03,0,258.03
1605,537,106,1,103.79,0,103.79
1606,538,130,4,116.2,0,464.8
1607,538,12,1,387.67,15,329.52
1608,539,10,2,443.3,0,886.6
1609,539,3,4,212.66,5,808.11
1610,539,65,4,451.71,0,1806.84
1611,539,30,1,431.09,10,387.98
1612,540,5,1,173.42,0,173.42
1613,540,156,3,246.67,0,740.01
1614,541,113,2,58.66,0,117.32
1615,541,92,1,6.76,15,5.75
1616,542,177,1,298.09,0,298.09
1617,542,79,4,231.33,0,925.32
1618,542,114,2,221.01,0,442.02
1619,542,14,2,85.51,0,171.02
1620,543,57,1,338.32,15,287.57
1621,544,83,2,187.92,10,338.26
1622,544,144,2,384.08,10,691.34
1623,544,161,4,323.16,5,1228.01
1624,545,103,3,402.11,0,1206.33
1625,546,12,4,387.67,0,1550.68
1626,546,18,4,113.71,0,454.84
1627,546,56,2,180.38,0,360.76
1628,547,45,3,378.86,15,966.09
1629,547,163,4,230.08,0,920.32
1630,547,195,3,380.29,0,1140.87
1631,548,151,1,452.9,0,452.9
1632,548,181,2,39.13,15,66.52
1633,548,4,4,405.67,0,1622.68
1634,548,60,1,213.83,0,213.83
1635,548,6,2,55.59,0,111.18
1636,549,186,4,388.45,15,1320.73
1637,549,154,3,377.97,0,1133.91
1638,550,59,3,99.84,0,299.52
1639,551,156,3,246.67,0,740.01
1640,551,98,4,108.99,15,370.57
1641,552,53,1,111.05,0,111.05
1642,552,33,2,6.61,0,13.22
1643,553,109,2,142.91,0,285.82
1644,553,46,3,202.5,10,546.75
1645,554,102,4,17.27,5,65.63
1646,554,97,4,157.59,10,567.32
1647,554,43,4,473.69,0,1894.76
1648,555,138,3,230.95,5,658.21
1649,555,40,4,33.67,0,134.68
1650,555,142,4,373.11,0,1492.44
1651,555,187,4,137.86,10,496.3
1652,555,45,4,378.86,0,1515.44
1653,556,129,3,170.92,5,487.12
1654,557,126,1,235.17,5,223.41
1655,557,79,1,231.33,0,231.33
1656,557,165,4,418.28,10,1505.81
1657,557,151,2,452.9,0,905.8
1658,558,163,1,230.08,15,195.57
1659,558,177,4,298.09,5,1132.74
1660,558,95,2,275.07,0,550.14
1661,558,179,4,403.74,0,1614.96
1662,559,66,2,492.73,0,985.46
1663,559,64,1,206.17,0,206.17
1664,560,133,2,101.25,5,192.38
1665,561,137,4,234.95,15,798.83
1666,561,169,1,420.42,0,420.42
1667,561,98,3,108.99,0,326.97
1668,561,151,3,452.9,15,1154.89
1669,561,79,2,231.33,15,393.26
1670,562,18,4,113.71,10,409.36
1671,563,181,2,39.13,5,74.35
1672,563,35,2,421.63,10,758.93
1673,564,67,4,214.39,15,728.93
1674,564,105,1,436.72,15,371.21
1675,565,88,1,139.81,10,125.83
1676,566,171,1,474.14,0,474.14
1677,567,125,3,217.79,10,588.03
1678,567,122,4,99.96,0,399.84
1679,567,194,3,124.47,15,317.4
1680,568,157,1,19.37,0,19.37
1681,568,15,4,352.4,15,1198.16
1682,568,92,4,6.76,15,22.98
1683,568,85,2,8.87,0,17.74
1684,569,159,4,490.46,15,1667.56
1685,569,176,2,201.34,0,402.68
1686,569,169,3,420.42,0,1261.26
1687,569,122,3,99.96,0,299.88
1688,570,190,4,19.21,5,73.0
1689,570,157,1,19.37,15,16.46
1690,570,21,4,110.25,0,441.0
1691,570,90,2,246.82,15,419.59
1692,571,78,4,123.15,0,492.6
1693,572,63,2,484.65,15,823.9
1694,572,55,1,99.25,0,99.25
1695,573,185,4,482.91,15,1641.89
1696,573,66,1,492.73,15,418.82
1697,574,197,4,114.69,15,389.95
1698,574,154,4,377.97,15,1285.1
1699,574,17,4,85.88,0,343.52
1700,574,165,2,418.28,0,836.56
1701,574,88,1,139.81,0,139.81
1702,575,191,3,246.34,0,739.02
1703,575,30,3,431.09,5,1228.61
1704,576,100,3,375.99,0,1127.97
1705,576,109,2,142.91,10,257.24
1706,577,81,4,271.13,15,921.84
1707,577,38,4,301.48,0,1205.92
1708,577,76,3,212.52,0,637.56
1709,577,57,1,338.32,10,304.49
1710,578,127,4,258.03,0,1032.12
1711,578,75,3,291.56,0,874.68
1712,579,77,4,161.6,0,646.4
1713,579,169,4,420.42,15,1429.43
1714,579,41,4,47.4,0,189.6
1715,579,6,4,55.59,5,211.24
1716,580,101,1,488.22,15,414.99
1717,580,25,3,498.68,5,1421.24
1718,580,34,2,382.17,10,687.91
1719,580,83,2,187.92,5,357.05
1720,580,193,4,280.12,0,1120.48
1721,581,186,2,388.45,5,738.05
1722,581,148,4,348.51,15,1184.93
1723,581,27,2,315.59,0,631.18
1724,582,152,4,429.08,0,1716.32
1725,582,112,1,93.39,0,93.39
1726,582,39,2,464.9,5,883.31
1727,583,71,3,460.1,0,1380.3
1728,583,162,1,29.89,0,29.89
1729,583,168,1,378.35,0,378.35
1730,583,114,4,221.01,15,751.43
1731,584,123,2,309.68,5,588.39
1732,584,71,4,460.1,15,1564.34
1733,584,178,4,55.44,0,221.76
1734,584,191,2,246.34,0,492.68
1735,584,25,3,498.68,0,1496.04
1736,585,138,1,230.95,0,230.95
1737,585,136,1,113.33,0,113.33
1738,585,126,2,235.17,0,470.34
1739,585,17,4,85.88,0,343.52
1740,585,133,1,101.25,0,101.25
1741,586,22,1,75.72,10,68.15
1742,587,12,4,387.67,0,1550.68
1743,587,133,4,101.25,15,344.25
1744,587,76,3,212.52,10,573.8
1745,588,10,2,443.3,0,886.6
1746,588,49,2,296.21,0,592.42
1747,589,20,4,137.53,15,467.6
1748,589,141,2,416.13,5,790.65
1749,589,66,4,492.73,0,1970.92
1750,589,67,3,214.39,15,546.69
1751,590,145,2,140.93,5,267.77
1752,590,169,2,420.42,0,840.84
1753,590,166,4,30.78,5,116.96
1754,591,176,4,201.34,0,805.36
1755,592,71,1,460.1,5,437.1
1756,592,3,2,212.66,5,404.05
1757,593,126,3,235.17,10,634.96
1758,593,25,3,498.68,10,1346.44
1759,593,136,1,113.33,0,113.33
1760,593,90,2,246.82,0,493.64
1761,593,180,4,176.87,0,707.48
1762,594,3,2,212.66,15,361.52
1763,594,176,2,201.34,0,402.68
1764,594,132,4,230.43,10,829.55
1765,595,108,3,16.71,5,47.62
1766,595,181,3,39.13,0,117.39
1767,595,118,4,185.29,10,667.04
1768,595,47,2,221.86,0,443.72
1769,595,113,1,58.66,0,58.66
1770,596,187,2,137.86,0,275.72
1771,597,127,2,258.03,5,490.26
1772,597,3,4,212.66,10,765.58
1773,597,109,1,142.91,5,135.76
1774,597,174,1,482.54,10,434.29
1775,597,131,2,27.88,15,47.4
1776,598,190,1,19.21,10,17.29
1777,598,170,4,67.48,0,269.92
1778,599,132,1,230.43,5,218.91
1779,599,91,4,318.97,5,1212.09
1780,600,197,3,114.69,0,344.07
1781,600,31,2,342.45,0,684.9
1782,600,75,4,291.56,0,1166.24
1783,600,77,3,161.6,15,412.08
1784,600,124,1,417.69,5,396.81
